"num_item_id","definition","type","category","16","17","18","19","20","21","22","23","24","25","26","27","28","29","30"
1,"Baa baa","word","sounds",0.25,0,0.18,0.27,0.17,0.25,0,0.25,0.33,0.2,0,0,0,0,0
2,"chri chri chri","word","sounds",0,0,0,0.27,0.25,0.25,0,0.25,0,0.2,0,0.25,0.2,1,1
3,"Giya","word","sounds",0,0,0,0.18,0,0.12,0,0,0,0.2,0,0.25,0.4,1,0
4,"Ha ha ha","word","sounds",0.5,0.29,0.18,0.27,0.25,0.38,0.14,1,0.33,0.4,0,0.75,0.4,1,0
5,"Hi hoo hihoo","word","sounds",0,0,0,0,0.33,0.25,0,0.5,0.17,0,0,0.25,0.2,1,0
6,"Huu huu huu","word","sounds",0.25,0.57,0.45,0.82,0.67,0.88,0.29,0.5,1,1,0,1,1,1,1
7,"Kima/Tsalu","word","sounds",0,0,0,0,0,0,0,0,0,0.2,0,0,0,0,0
8,"Kokoikoo","word","sounds",0.5,0.29,0.09,0.64,0.25,0.75,0.29,0.5,1,1,0.5,1,0.6,1,1
9,"Kru kru kru","word","sounds",0.25,0.14,0,0.09,0.08,0.5,0,0,0,0.2,0.5,0.75,0.4,1,0
10,"Kunguru","word","sounds",0.5,0.14,0.09,0.18,0.08,0.5,0.14,0.5,0.33,1,0,0.5,0.4,1,1
11,"Lumira","word","sounds",0.5,0.29,0.18,0.27,0.17,0.62,0.57,0.75,0.67,0.8,0,1,0.8,1,1
12,"Mee mee","word","sounds",1,0.57,0.82,1,1,1,0.86,0.75,1,1,1,1,1,1,1
13,"Miau miau","word","sounds",0.75,0.71,0.55,0.73,0.42,0.88,0.86,0.5,0.83,0.6,0.5,0.75,0.8,1,1
14,"Moo moo","word","sounds",0.75,0.71,0.82,0.82,1,0.88,0.86,1,1,1,1,1,1,1,1
15,"Pikipiki/Honda","word","sounds",0,0,0.09,0.27,0.08,0.38,0,0.5,0.5,0.4,0,1,0.2,1,1
16,"Simu","word","sounds",0,0,0.09,0,0,0.38,0.14,0,0,0.2,0,0.25,0.2,1,1
17,"Tamu tamu/Pamu pamu","word","sounds",0.75,0.57,0.73,0.82,0.75,0.75,0.71,1,0.83,1,1,1,0.6,0,1
18,"Vruum vruum","word","sounds",0.75,0.57,0.45,0.82,0.67,1,1,0.75,1,1,1,1,0.8,1,1
19,"Batha","word","animals",0,0,0.09,0.18,0.17,0.88,0.43,0.75,0.83,0.6,0.5,0.75,0.6,1,1
20,"Batha muzinga","word","animals",0,0,0,0,0,0,0,0.25,0,0,0,0.25,0,0,0
21,"Boho","word","animals",0,0,0,0,0.08,0.25,0.14,0,0.17,0.4,0,0.5,0,0,1
22,"Chula","word","animals",0,0.14,0.09,0.27,0.17,0.38,0.29,0.5,0.5,0.4,0,0.5,0.6,0,1
23,"Farasi","word","animals",0,0,0,0,0,0,0,0,0.17,0,0,0,0,0,0
24,"Gongolo","word","animals",0.25,0.14,0.18,0.36,0.17,0.62,0.57,0.75,1,0.8,1,1,0.8,1,1
25,"Jogolo","word","animals",0,0.14,0.09,0.27,0.08,0.5,0.29,0.25,1,0.2,0.5,0.75,0.4,1,1
26,"Juijui","word","animals",0,0,0,0,0,0,0.14,0,0.17,0,0,0.25,0,0,0
27,"Kajonjoloka","word","animals",0,0,0,0,0,0.12,0,0.5,0.17,0,0,0.5,0.6,0,1
28,"Katsungula","word","animals",0,0,0,0,0,0,0.14,0.25,0.33,0,0,0.25,0.2,0,1
29,"Kobe","word","animals",0,0,0,0,0,0,0.14,0.25,0.5,0.2,0,0.25,0.2,0,1
30,"Kolo","word","animals",0,0,0,0.09,0,0.12,0,0.25,0.17,0.2,0.5,0.75,0.6,1,0
31,"Kuku","word","animals",0.5,0.57,0.27,0.73,0.42,1,0.71,0.75,1,1,1,1,0.8,1,1
32,"Kunguni","word","animals",0,0,0,0,0,0.38,0.29,0.25,0.67,0,0,0.5,0.4,0,1
33,"Kunguru","word","animals",0.25,0,0,0.27,0.08,0.62,0.14,0.25,0.33,0.4,0,0.5,0.6,1,1
34,"Kuro","word","animals",0,0.29,0.36,0.82,0.5,1,0.71,0.75,1,1,1,1,0.6,1,1
35,"Mbu/Usunye","word","animals",0,0,0,0,0,0.12,0.14,0.25,0.17,0.4,0,0.75,0.4,0,1
36,"Mbuzi/Mee","word","animals",1,0.71,0.73,0.91,0.92,1,0.86,0.75,0.83,1,1,1,1,1,1
37,"Mududu","word","animals",0.75,0.71,0.73,0.82,0.67,0.88,1,0.75,0.83,1,0.5,1,0.8,1,1
38,"Munyama","word","animals",0,0.14,0,0.27,0,0.62,0.29,0.25,0.67,0.6,0,1,0.8,1,1
39,"Mutswa/Tsungu","word","animals",0,0,0,0.18,0,0.5,0.29,0.25,0.17,0.6,0.5,0.5,0.2,1,1
40,"Mwana wa kuro","word","animals",0,0,0,0.09,0,0,0,0,0,0.2,0,0.25,0,0,1
41,"Ndema","word","animals",0,0,0,0,0,0.12,0.14,0,0,0.2,0,0.25,0,0,1
42,"Ng’ombe","word","animals",0,0.29,0.18,0.45,0.33,0.75,0.43,0.5,0.83,0.8,1,1,0.8,1,1
43,"Ng’onzi","word","animals",0,0,0,0,0,0.12,0.14,0.25,0,0,0,0,0,0,0
44,"Nyoka","word","animals",0,0,0,0.09,0,0.25,0.29,0.25,0.67,0.4,0.5,0.75,0.6,0,1
45,"Nyuchi","word","animals",0,0,0,0.09,0,0.25,0.14,0.25,0.17,0.6,0.5,0.5,0.2,0,1
46,"Nzi","word","animals",0,0,0,0.27,0.08,0.38,0.43,0.75,1,0.6,1,0.75,0.8,1,1
47,"Nzovu","word","animals",0,0,0,0,0,0.12,0.14,0.25,0.17,0,0,0.25,0,0,0
48,"Nzowe/Punda","word","animals",0,0,0,0,0.08,0,0,0.25,0.33,0.2,0,0.5,0.2,0,0
49,"Paka/Nyau","word","animals",0.5,0.71,0.64,0.82,0.5,0.75,0.86,0.75,1,1,0.5,1,1,1,1
50,"Pambaiko","word","animals",0,0,0,0,0,0,0,0,0,0,0,0.5,0,0,1
51,"Panya/Thali/ Pinji","word","animals",0,0.14,0,0.18,0,0.62,0.14,0.5,0.83,0,0.5,0.75,0.4,1,1
52,"Punda milia","word","animals",0,0,0,0,0,0,0,0,0,0,0,0,0,0,0
53,"Samaki","word","animals",0,0.29,0.09,0.36,0.08,0.75,0.29,0.75,0.83,0.8,1,0.75,0.8,1,1
54,"Simba","word","animals",0,0,0,0,0,0,0,0.25,0.17,0,0,0.5,0,0,1
55,"Tsongo/Kachongo","word","animals",0,0,0,0.09,0.08,0.5,0.14,0,0.5,0.2,0,0.5,0.4,0,1
56,"Tumbiri/ Tsalu","word","animals",0,0,0,0,0,0,0,0.25,0,0.2,0.5,0,0,0,1
57,"Basi","word","vehicles",0,0,0,0,0,0.12,0.29,0.25,0.17,0.2,0,0.75,0.2,1,1
58,"Basikili","word","vehicles",0,0.43,0.18,0.36,0.5,0.62,0.29,0.75,0.83,0.8,0.5,1,1,1,1
59,"Dau","word","vehicles",0,0,0,0,0,0,0.14,0.25,0,0,0,0.5,0,0,1
60,"Gari","word","vehicles",0.75,0.43,0.36,0.73,0.42,0.88,0.86,0.75,1,0.8,1,1,1,1,1
61,"Gari ra moshi","word","vehicles",0,0,0,0,0,0,0,0.25,0,0,0,0.25,0,0,0
62,"Helikoputa","word","vehicles",0,0,0,0,0,0,0,0,0,0,0,0.25,0,0,0
63,"Jongoo","word","vehicles",0,0,0,0,0,0,0.14,0.25,0.33,0.4,0,1,0.2,1,1
64,"Lori","word","vehicles",0,0,0,0.09,0,0.12,0.29,0.25,0.17,0.4,0,0.75,0,1,1
65,"Matatu","word","vehicles",0,0,0,0,0,0.12,0.29,0.25,0.17,0.2,0,0.5,0,1,1
66,"Meli","word","vehicles",0,0,0,0,0,0,0,0,0,0,0,0,0,0,1
67,"Mukokoteni","word","vehicles",0,0,0,0,0,0.12,0,0.25,0,0.2,0,0.75,0.4,1,1
68,"Ndege","word","vehicles",0,0.14,0.09,0.27,0.17,0.75,0.57,0.5,0.67,0.6,0.5,1,1,1,1
69,"Pikipiki/ Honda","word","vehicles",0,0,0,0.27,0,0.38,0.29,0.5,0.67,0.6,0.5,0.75,0.6,1,1
70,"Bunduki","word","toys",0,0,0,0,0,0,0,0.25,0.17,0,0,0.5,0,1,1
71,"Choki/Makala","word","toys",0,0,0,0,0,0.12,0.29,0.25,0.33,0.2,0,0.25,0,1,1
72,"Doli","word","toys",0,0.14,0.09,0.09,0,0.5,0.29,0.75,0.67,0.2,0.5,0.75,0.6,1,1
73,"Gamu/Ulimbo","word","toys",0,0,0,0,0,0,0.14,0,0.33,0.4,0,0.5,0.2,0,1
74,"Kalamu","word","toys",0,0.29,0.09,0.45,0.42,0.62,0.43,1,0.83,0.8,0.5,1,0.8,1,1
75,"Kibofu","word","toys",0,0.14,0,0.18,0.17,0.38,0.29,0.25,0.5,0.6,0.5,0.75,0.8,1,1
76,"Kithabu","word","toys",0,0.29,0.18,0.55,0.42,0.62,0.57,0.75,1,0.8,0.5,1,0.8,1,1
77,"Lugwe","word","toys",0,0.29,0.27,0.36,0.25,0.75,0.43,0.75,0.83,0.8,1,0.75,0.8,1,1
78,"Muchezo","word","toys",0,0.14,0,0.09,0,0.25,0.14,0.25,0.5,0.6,0,1,0.2,0,1
79,"Mupira","word","toys",0.25,0.71,0.27,0.55,0.33,0.75,0.57,0.75,1,0.8,0.5,1,0.8,1,1
80,"Ngano","word","toys",0,0,0,0,0,0,0,0.25,0,0.2,0,0.5,0,0,1
81,"Penseli ya rangi","word","toys",0,0,0,0,0,0,0,0,0,0,0,0,0,0,0
82,"Penseli/Kalamu ya mahe","word","toys",0,0,0,0,0,0,0,0,0,0,0,0.25,0,0,1
83,"Povu","word","toys",0,0,0,0,0.08,0.38,0.14,0.5,0.67,0.6,0.5,0.5,0.4,1,1
84,"Ulongo","word","toys",0.25,0.14,0,0.18,0,0.38,0.29,0.75,0.5,0.6,0.5,0.5,0.4,1,1
85,"Vibao, Bao","word","toys",0,0,0.09,0.36,0.17,0.25,0.57,0.75,0.83,0.4,0.5,1,0.4,1,1
86,"Vifudu","word","toys",0.5,0.57,0.09,0.45,0.33,0.88,0.71,1,1,0.8,1,1,0.8,1,1
87,"Zawadi","word","toys",0,0,0,0.09,0,0.25,0.14,0.5,0.5,0.2,0.5,0.75,0.2,1,1
88,"Apple","word","food_drink",0,0,0,0,0,0,0,0,0,0,0,0.25,0,0,0
89,"Avocado","word","food_drink",0,0,0,0,0,0.12,0,0,0,0,0,0.75,0,0,1
90,"Bajia","word","food_drink",0,0,0,0,0,0.12,0,0.25,0,0.2,0,0.25,0,0,1
91,"Barafu","word","food_drink",0,0,0,0.09,0,0.38,0.29,0.5,0.5,0.8,0.5,0.5,0.8,1,1
92,"Biriani","word","food_drink",0,0,0,0,0,0,0,0,0,0,0,0,0,0,0
93,"Bisikuti","word","food_drink",0.25,0.29,0.18,0.45,0.5,1,0.43,0.75,0.83,0.8,0.5,0.75,1,1,1
94,"Chai","word","food_drink",0.75,0.71,0.64,0.82,0.58,0.75,0.86,1,1,1,1,1,1,1,1
95,"Chakurya","word","food_drink",0,0.14,0,0,0,0.25,0.29,0.5,0.5,0.4,0,0.75,0.6,1,0
96,"Chapati     ","word","food_drink",0,0.29,0.09,0.18,0,0.62,0.57,0.75,0.83,0.6,0.5,0.75,0.8,1,1
97,"Chocolate","word","food_drink",0,0,0,0,0,0,0,0,0.17,0,0,0.5,0,0,0
98,"Chungwa","word","food_drink",0,0,0,0.27,0.08,0.75,0.29,0.5,0.67,0.4,0.5,0.75,0.8,1,1
99,"Ice cream","word","food_drink",0,0,0,0,0,0,0,0,0,0,0,0.5,0,0,1
100,"Izu","word","food_drink",0,0.29,0.18,0.45,0.42,0.88,0.57,1,1,1,1,0.75,0.8,1,1
101,"Jam","word","food_drink",0,0,0,0,0,0,0,0,0,0,0,0.5,0.2,0,1
102,"Kahawa","word","food_drink",0,0,0,0,0,0.12,0.29,0,0.17,0,0,0.75,0,0,1
103,"Kaimati     ","word","food_drink",0.25,0,0.09,0.18,0.08,0.75,0.29,0.5,1,0.4,1,0.75,0.4,1,1
104,"Karoti","word","food_drink",0,0,0,0,0,0.12,0,0,0.17,0,0,0.25,0,0,0
105,"Keki","word","food_drink",0,0,0.09,0.18,0.08,0.62,0.29,0.25,0.5,0.4,0.5,0.75,0.4,1,0
106,"Kiboma","word","food_drink",0,0,0,0.09,0.08,0.38,0.29,1,0.5,0.6,0.5,0.75,0.4,0,1
107,"Kiboma","word","food_drink",0,0,0,0,0,0,0,0,0,0,0,0,0,0,0
108,"Kinywadzi/Nyunya","word","food_drink",0,0,0,0.09,0,0,0,0,0.17,0,0,0.25,0,0,0
109,"Kirazi","word","food_drink",0.25,0.29,0.27,0.36,0.42,0.88,0.43,1,1,0.8,1,0.75,0.6,1,1
110,"Kitumbua","word","food_drink",0,0,0,0,0,0.12,0,0,0.17,0,0.5,0.5,0.2,0,0
111,"Koo","word","food_drink",0.5,0.29,0.27,0.73,0.33,0.75,0.71,1,1,1,0.5,1,1,1,1
112,"Kuku","word","food_drink",0.5,0.29,0.27,0.18,0,0.5,0.14,0.75,0.33,0.4,0,0.75,0.4,1,1
113,"Kumbu","word","food_drink",0.25,0.14,0,0.45,0.17,0.75,0.57,0.75,0.83,1,1,0.75,1,1,1
114,"Kunde","word","food_drink",0,0.29,0,0.27,0.17,0.5,0.43,0.75,0.5,1,0.5,0.75,0.6,1,1
115,"Kungu","word","food_drink",0,0,0,0,0,0.12,0.43,0.5,0.17,0.2,0,0.75,0.4,1,1
116,"Madafu","word","food_drink",0,0.43,0.36,0.64,0.25,0.75,0.71,1,0.67,0.6,0.5,0.75,0.6,0,1
117,"Madzi","word","food_drink",0.25,0.71,0.55,0.82,0.75,0.75,0.86,1,0.83,1,0.5,1,0.8,1,1
118,"Madzi ga machungwa/Juisi","word","food_drink",0,0.14,0.09,0.18,0.08,0.38,0.29,0.5,0.17,0.6,0,0.75,0.8,0,1
119,"Maembe   ","word","food_drink",0,0.71,0.27,0.82,0.5,0.75,0.71,0.75,1,1,1,1,0.8,1,1
120,"Mahamuri","word","food_drink",0.5,0.29,0.27,0.45,0.25,0.62,0.71,0.75,1,1,1,0.75,0.8,1,1
121,"Maharagwe","word","food_drink",0.25,0,0.18,0.64,0,0.88,0.57,1,0.83,1,1,1,0.8,1,1
122,"Makalange","word","food_drink",0,0,0.09,0.18,0,0.5,0.14,0.5,0.83,0.6,0.5,0.5,0.6,0,1
123,"Matomoko","word","food_drink",0.25,0.43,0.09,0.27,0,0.5,0.29,0.5,0.67,0.4,0.5,0.75,0.4,1,1
124,"Matsere","word","food_drink",0.25,0.43,0.09,0.45,0.17,0.75,0.57,0.75,1,1,1,1,0.8,1,1
125,"Maziya","word","food_drink",0,0.57,0.27,0.36,0.42,0.88,0.57,0.75,0.83,0.4,1,1,0.8,1,1
126,"Maziya maivu/Maziya lala","word","food_drink",0,0,0,0.09,0,0,0,0,0,0,0.5,0,0,0,0
127,"Mbalazi","word","food_drink",0,0,0,0,0,0.12,0,0,0.17,0.2,0.5,0.5,0,0,1
128,"Mugazija","word","food_drink",0,0.14,0.09,0.27,0.17,0.88,0.43,1,0.67,0.4,0.5,0.75,0.4,0,1
129,"Muhunga/Muchele","word","food_drink",0.25,0.14,0,0.18,0,0.62,0.43,1,0.67,0.6,0.5,0.75,0.8,1,1
130,"Mukahe","word","food_drink",0,0.43,0.27,0.27,0.5,0.88,0.71,0.75,1,0.8,1,0.75,1,1,1
131,"Munyu","word","food_drink",0,0.43,0.09,0.45,0.08,0.62,0.57,0.75,1,1,1,1,0.8,1,1
132,"Muswa      ","word","food_drink",0.75,0.71,0.45,0.82,0.58,1,0.71,0.75,1,1,1,1,0.8,0,1
133,"Mutsuzi","word","food_drink",0.25,0.43,0.27,0.73,0.25,0.75,0.29,0.75,1,1,1,1,1,1,1
134,"Nazi","word","food_drink",0,0.57,0.18,0.64,0.33,0.75,0.57,0.75,1,0.6,1,0.75,1,1,1
135,"Nyama","word","food_drink",0,0.71,0.36,0.73,0.67,1,0.57,1,1,0.8,1,1,0.8,1,1
136,"Nyanya/Tindi","word","food_drink",0,0.14,0.18,0.36,0.42,0.75,0.57,0.75,1,0.8,1,0.75,1,1,1
137,"Nzugu/Jugu","word","food_drink",0.25,0.14,0,0.18,0,0.5,0.43,0.5,0.5,1,0.5,1,0.6,1,1
138,"Paipai/Papayu","word","food_drink",0,0,0.09,0.18,0,0.62,0.57,0.5,0.83,0.6,0.5,0.75,0.4,1,1
139,"Pamu/Tamu","word","food_drink",0.75,0.86,0.73,0.82,0.92,0.88,0.86,1,1,1,1,1,0.8,1,1
140,"Papa","word","food_drink",0,0,0.09,0.27,0,0.62,0.43,0.75,0.67,0.4,0.5,0.75,0.8,1,1
141,"Peremende","word","food_drink",0,0,0.18,0.27,0.08,0.5,0.29,0.75,0.83,0.8,0.5,1,1,1,1
142,"Peremende Ubani/Big G/Ball gum","word","food_drink",0,0,0,0,0,0.12,0.29,0.5,0.17,0,0,0.5,0.6,0,1
143,"Pilau         ","word","food_drink",0,0,0,0,0,0.12,0.14,0,0,0.2,0,0.5,0,0,0
144,"Pili pili","word","food_drink",0,0.29,0.09,0.18,0.17,0.62,0.57,0.5,0.83,0.6,0.5,0.75,0.8,1,1
145,"Podzo","word","food_drink",0,0,0,0.18,0.08,0.12,0.29,0.75,0.5,0.6,0.5,0.75,0.6,0,1
146,"Samaki","word","food_drink",0,0,0.09,0.27,0.08,0.75,0.43,0.75,0.83,0.8,1,0.75,0.8,1,0
147,"Sambusa  ","word","food_drink",0,0,0,0,0,0.25,0.29,0.25,0.17,0.2,0,0.5,0,0,0
148,"Siagi","word","food_drink",0,0,0,0,0,0.12,0,0,0,0,0,0.25,0,0,0
149,"Siki","word","food_drink",0,0,0,0,0,0,0.14,0.25,0.17,0,0,0.5,0,0,0
150,"Soda","word","food_drink",0,0.14,0,0.09,0,0.5,0.43,0.75,0.83,0.2,0.5,0.75,0.6,1,1
151,"Sukuma","word","food_drink",0,0,0,0,0,0.12,0.29,0,0.17,0.2,0,0.75,0.2,0,1
152,"Supageti","word","food_drink",0,0,0,0,0,0.12,0.14,0,0,0,0,0,0,0,1
153,"Supu","word","food_drink",0,0,0,0.09,0,0.12,0.14,0,0.33,0,0,0.5,0,0,1
154,"Thambi","word","food_drink",0,0,0,0,0,0.12,0.14,0,0,0.2,0,0.5,0,0,1
155,"Tikiti","word","food_drink",0,0,0,0,0,0,0.14,0,0,0,0,0.5,0,0,0
156,"Tosi","word","food_drink",0,0,0,0.27,0,0.38,0.43,0.5,0.5,0.4,0.5,0.75,0.6,0,1
157,"Uchi","word","food_drink",0,0.29,0,0.09,0.08,0.38,0.29,0.5,0.17,0.6,0.5,0.5,0.4,1,1
158,"Uki/Asali/Nyuki","word","food_drink",0,0,0,0.09,0,0.25,0.29,0,0.17,0,0,0.5,0,0,1
159,"Unga","word","food_drink",0,0.29,0.09,0.45,0.08,0.62,0.57,0.75,0.67,0.8,0.5,0.75,1,1,1
160,"Virazi","word","food_drink",0.25,0.29,0.18,0.36,0.42,0.75,0.71,0.75,1,1,1,0.75,1,1,1
161,"Virazi zha kukalanga/Chips","word","food_drink",0,0,0,0,0,0,0.14,0.25,0,0,0,0.5,0,0,0
162,"Virazi zha rojo","word","food_drink",0,0,0,0,0,0,0,0,0,0,0,0.25,0,0,1
163,"Wari          ","word","food_drink",0.25,0.71,0.27,0.73,0.67,1,0.86,1,0.83,1,1,1,1,1,1
164,"Yai/ Iji","word","food_drink",0,0,0,0.18,0,0.38,0.43,0.75,1,0.4,0.5,0.75,0.6,1,1
165,"Bangili","word","clothing",0,0,0,0.09,0,0.38,0.14,0.5,0.33,0.4,0.5,0.5,0.2,0,1
166,"Bib","word","clothing",0,0,0,0,0,0,0,0,0,0,0,0,0,0,0
167,"Buibui","word","clothing",0,0,0,0,0,0,0,0,0,0,0,0.5,0,0,1
168,"Chepeo","word","clothing",0,0,0,0,0,0,0,0,0,0,0,0.5,0,0,0
169,"Fulana","word","clothing",0,0,0,0,0,0.12,0,0.25,0.17,0,0.5,0.5,0,0,1
170,"Hombo/Kopo ra mwana/Nyonyo","word","clothing",0,0,0.09,0.18,0.17,0.38,0,0,0.17,0,0,0.75,0.2,0,1
171,"Jaketi","word","clothing",0,0,0,0,0,0,0,0,0,0,0,0.25,0,0,1
172,"Jinzi","word","clothing",0,0,0,0,0,0,0,0,0,0,0,0.5,0,0,1
173,"Kamisi","word","clothing",0,0,0,0,0,0.12,0,0,0,0,0,0.5,0,0,1
174,"Kanga","word","clothing",0,0,0,0,0,0,0,0,0,0,0,0.25,0,0,0
175,"Kifungo/Kipingo","word","clothing",0,0,0,0,0.08,0.25,0.29,0.25,0.17,0.4,0,0.5,0.2,0,0
176,"Kikoi","word","clothing",0,0,0,0,0,0,0,0,0,0,0,0.5,0,0,0
177,"Kipande/Suruale fuhi","word","clothing",0,0.29,0.18,0.36,0.17,0.25,0.14,0.5,0.33,0.4,0,0.5,0.4,0,0
178,"Kirahu","word","clothing",0,0.57,0.18,0.64,0.42,1,0.71,0.75,1,0.8,0.5,1,1,1,0
179,"Kirinda","word","clothing",0,0,0,0,0,0,0,0,0,0,0,0.5,0,0,0
180,"Kitambaa cha kitswa/Hijab","word","clothing",0,0,0,0,0,0,0,0,0,0,0,0.25,0,0,0
181,"Kithambaa","word","clothing",0,0,0,0,0,0,0.29,0.5,0.17,0,0,0.75,0.6,0,0
182,"Kofia/","word","clothing",0.25,0,0.09,0.36,0.17,0.75,0.29,0.75,0.67,0.6,0.5,0.75,0.6,1,1
183,"Koti","word","clothing",0,0,0,0,0,0,0.29,0,0,0,0,0.5,0,0,0
184,"Leso","word","clothing",0,0,0,0.09,0.08,0.25,0.43,0.25,0.5,0.2,0.5,0.75,0.4,0,1
185,"Mabuti","word","clothing",0,0,0,0,0,0.12,0.29,0.25,0,0.4,0,0.5,0.8,0,1
186,"Mukufu/Ushanga","word","clothing",0,0,0,0.09,0,0.38,0.14,0.5,0.33,0.4,0,1,0.4,0,1
187,"Ndaweya","word","clothing",0,0,0.09,0.09,0.08,0.25,0,0.25,0.33,0.4,0,0.25,0.2,0,1
188,"Nepi","word","clothing",0,0,0.09,0.09,0,0.25,0.14,0,0,0.2,0,0.5,0,0,1
189,"Nguo","word","clothing",0.5,0.57,0.36,0.64,0.42,0.75,0.57,0.75,0.83,1,1,1,1,1,1
190,"Rinda/ Joho","word","clothing",0,0.14,0.09,0.18,0.08,0.62,0.57,0.25,0.83,0.8,0.5,0.5,0.4,0,1
191,"Sapata","word","clothing",0,0,0,0.09,0,0.12,0.29,0,0.33,0,0,0.25,0,0,1
192,"Shati","word","clothing",0,0.29,0,0.36,0.17,0.38,0.29,0.5,0.67,0.4,0,0.75,0.6,1,1
193,"Shuka/Shiti","word","clothing",0,0,0.09,0.18,0,0.12,0.29,0,0,0,0,0.5,0,1,1
194,"Sikati","word","clothing",0,0,0,0.09,0,0.25,0.14,0,0.5,0,0.5,0.5,0.2,0,1
195,"Sokisi","word","clothing",0,0,0,0.18,0,0.38,0.14,0.25,0.33,0.2,0,0.5,0.2,1,1
196,"Suruale/Suruale nyire","word","clothing",0.25,0,0.18,0.36,0,0.25,0.57,1,0.67,1,0.5,0.75,0.8,0,0
197,"Suti/Beli","word","clothing",0,0,0,0,0,0.12,0.14,0.25,0.17,0.2,0,0.75,0,0,1
198,"Sweta","word","clothing",0,0,0,0.09,0,0.25,0.14,0,0.17,0,0,0.5,0,0,1
199,"Ukanda","word","clothing",0,0,0,0.09,0,0.12,0.14,0.25,0.17,0.2,0.5,0.5,0.2,1,1
200,"Vipuli","word","clothing",0,0,0,0.09,0,0.25,0.14,0.5,0.33,0.4,0.5,0.5,0.2,1,1
201,"Zipu","word","clothing",0,0,0,0,0,0.12,0,0.25,0,0.2,0,0.5,0.2,0,1
202,"Chala","word","body_parts",0,0,0,0.09,0.25,0.38,0.14,0.25,0.83,0.6,0,1,0.4,1,1
203,"Dzino","word","body_parts",0,0.14,0,0,0,0.38,0.29,0.75,0.33,0.4,0,0.5,0.2,1,1
204,"Dzitso","word","body_parts",0,0,0,0.18,0.08,0.5,0.57,0.75,0.83,0.6,0.5,0.75,0.4,1,1
205,"Ganza","word","body_parts",0,0,0,0.09,0,0.12,0.14,0.5,0.5,0,0.5,0.25,0,1,1
206,"Goti/ Vindi","word","body_parts",0,0,0,0,0,0.25,0.29,0.25,0.17,0,0,0.5,0,0,1
207,"Kigulu","word","body_parts",0.25,0.14,0.09,0.09,0.17,0.5,0.43,0.75,0.83,0.8,0.5,1,0.6,1,1
208,"Kirevu","word","body_parts",0,0,0,0,0,0.25,0.14,0.5,0.17,0.2,0,0.5,0,0,1
209,"Kitovu","word","body_parts",0,0.14,0,0.18,0,0.25,0.29,0.5,0.5,0.6,0,0.75,0.2,1,1
210,"Kitswa","word","body_parts",0,0,0.09,0,0.08,0.38,0.43,0.75,0.83,1,0,1,0.4,1,1
211,"Kituro","word","body_parts",0,0,0,0,0,0.12,0.14,0.5,0.33,0.2,0,0.5,0,1,1
212,"Kombe","word","body_parts",0,0,0,0.18,0.08,0.25,0.29,0.75,0.67,0.6,0.5,0.5,0.4,1,1
213,"Luthimi","word","body_parts",0,0,0,0,0,0.25,0.14,0.25,0,0.2,0,0.5,0.2,1,1
214,"Mahako*","word","body_parts",0,0,0,0,0,0.25,0,0.5,0.5,0.4,0,0.5,0.2,1,1
215,"Mongo","word","body_parts",0,0,0,0,0,0.5,0.14,0.25,0.17,0.6,0,0.75,0.2,0,1
216,"Mukono","word","body_parts",0,0.29,0.09,0.18,0.08,0.5,0.57,0.75,1,1,0.5,1,0.4,1,1
217,"Mulomo","word","body_parts",0,0.14,0,0.27,0,0.38,0.43,1,1,1,0,1,0.4,1,1
218,"Ndani/ Tumbo","word","body_parts",0,0.14,0.09,0.27,0.08,0.5,0.29,0.75,0.5,0.6,0.5,1,0.4,1,1
219,"Nyayo","word","body_parts",0,0,0,0,0,0.38,0.29,0.75,0.67,0.4,0,0.5,0.4,0,1
220,"Nyere","word","body_parts",0,0,0.09,0,0,0.38,0.57,1,0.83,1,0,1,0.4,1,1
221,"Pula","word","body_parts",0,0,0,0,0,0.25,0.29,0.75,0.33,0.2,0,0.25,0.4,1,1
222,"Sehemu za siri/ Mududu","word","body_parts",0,0.14,0,0,0.17,0.38,0,0.25,0.33,0,0,0.5,0.4,1,0
223,"Sikiro","word","body_parts",0,0,0.09,0,0,0.25,0.43,0.75,0.5,0.6,0,0.75,0.4,1,1
224,"Tsavu","word","body_parts",0,0,0,0,0,0.25,0.14,0.25,0.5,0,0,0.5,0.2,1,1
225,"Uso","word","body_parts",0,0,0,0.09,0,0.38,0.29,0.25,0.67,0.2,0,0.5,0.4,1,1
226,"Bagi/ Pochi/ Mukoba","word","household",0,0.14,0.18,0,0.17,0.38,0.43,0.75,0.67,0.8,0.5,0.75,0.8,1,1
227,"Bakuli","word","household",0,0.57,0.36,0.55,0.5,0.75,0.71,0.75,1,1,1,1,1,1,1
228,"Baruwa","word","household",0,0.14,0,0,0,0.25,0,0.25,0,0,0,0.5,0,0,1
229,"Burangeti","word","household",0,0,0,0,0,0,0,0,0,0,0.5,0.25,0,0,1
230,"Burashi","word","household",0,0,0,0,0,0.25,0.29,0.25,0,0.4,0,0.5,0.2,1,1
231,"Dawa","word","household",0.25,0.29,0.36,0.36,0.33,0.62,0.57,0.75,0.83,0.8,0.5,1,0.8,1,1
232,"Dishi/ Beseni","word","household",0,0.43,0.18,0.36,0.5,0.5,0.57,1,0.83,1,0.5,1,1,1,1
233,"Fimbo","word","household",0,0,0.09,0.27,0.08,0.5,0.43,0.5,0.83,0.8,0,1,0.8,1,1
234,"Funguo","word","household",0,0.14,0.09,0,0.17,0.25,0.43,0.5,0.5,0.4,0,1,0.4,0,1
235,"Gilasi","word","household",0,0,0,0,0.08,0.25,0.14,0.25,0.17,0.4,0,0.5,0,0,0
236,"Godoro","word","household",0,0,0,0.09,0.08,0.38,0.29,0.75,0.5,0.4,0,0.5,0.6,1,1
237,"Jagi","word","household",0,0.14,0,0.27,0.08,0.25,0.29,0.5,1,0.8,0,0.75,0.4,0,0
238,"Kapeti","word","household",0,0,0,0,0,0,0,0,0,0.2,0,0.5,0.2,0,0
239,"Karatasi","word","household",0,0.14,0,0.09,0.25,0.38,0.14,0.25,0.33,0.6,0.5,0.75,0.8,0,1
240,"Karatasi ya kudzihangusa","word","household",0,0,0,0,0,0,0,0,0,0.2,0,0,0,0,1
241,"Kifudu","word","household",0.25,0.57,0.18,0.45,0.33,0.88,0.57,1,1,1,0.5,0.75,0.6,0,1
242,"Kifuguriro cha soda","word","household",0,0,0,0,0,0,0,0,0,0,0,0,0,0,1
243,"Kijiko","word","household",0.25,0.71,0.27,0.64,0.58,0.88,0.71,0.75,1,1,0.5,1,0.8,0,1
244,"Kikahana","word","household",0,0.14,0.09,0.45,0.17,0.62,0.43,0.75,1,1,0.5,1,1,0,1
245,"Kikombe","word","household",0.25,0.71,0.36,0.55,0.5,0.75,0.71,0.75,1,1,1,1,1,0,1
246,"Kishu","word","household",0,0.43,0.27,0.45,0.42,0.62,0.71,0.75,1,1,0.5,1,1,0,1
247,"Kitsana/ Shanua","word","household",0,0.29,0.18,0.45,0.33,0.38,0.71,1,0.83,1,0.5,1,1,0,1
248,"Kopo","word","household",0,0.14,0.09,0.64,0.25,0.5,0.57,0.5,0.67,0.8,0.5,0.5,0.8,0,1
249,"Lushero","word","household",0,0.14,0.09,0.45,0.25,0.62,0.29,0.75,1,1,1,0.75,0.8,0,1
250,"Makasi","word","household",0,0,0,0.18,0,0.25,0.29,0.25,0.33,0.4,0.5,0.5,0,0,1
251,"Makuti","word","household",0,0.29,0.18,0.18,0.08,0.25,0.57,0.75,0.33,0.4,0.5,0.75,0.8,0,1
252,"Mbuzi","word","household",0,0.14,0.09,0.27,0.08,0.38,0.43,1,1,0.8,0.5,1,0.6,0,1
253,"Miwani","word","household",0,0,0,0,0,0.12,0,0,0,0,0,0,0,0,1
254,"Mukebe","word","household",0,0,0.09,0.27,0.08,0.5,0.29,0.5,0.67,0.6,0.5,0.75,0.4,1,1
255,"Mukeka","word","household",0,0,0,0.27,0,0.25,0,0.25,0.5,0.2,0,0.5,0.4,0,1
256,"Muswaki","word","household",0,0.14,0.09,0.36,0.25,0.62,0.57,1,0.67,0.8,0,1,1,1,1
257,"Muto","word","household",0,0,0,0.09,0,0.25,0.14,0.25,0.17,0.2,0,0.5,0.6,0,1
258,"Mwiko","word","household",0,0,0,0.18,0.08,0.38,0.57,0.75,0.67,0.4,0,0.5,0.8,0,1
259,"Ndoo","word","household",0,0,0.09,0.18,0,0.12,0.57,0.5,0.5,0.4,0.5,0.75,0.8,1,1
260,"Nyundo","word","household",0,0,0,0,0,0.12,0,0.5,0.17,0.4,0.5,0.25,0,0,1
261,"Peni/ Shilingi","word","household",0.25,0.14,0.09,0.36,0.5,0.75,0.43,0.5,0.67,1,0.5,1,0.4,1,1
262,"Pesa","word","household",0,0.43,0.36,0.45,0.33,0.25,0.57,0.75,0.67,0.6,0.5,1,0.8,1,1
263,"Picha","word","household",0,0,0,0.27,0.08,0.38,0.29,0.75,0.33,0.4,0.5,0.5,0.4,1,1
264,"Picha/Kamera","word","household",0,0,0,0.09,0,0,0,0,0,0,0.5,0,0,0,1
265,"Redio","word","household",0,0.29,0.09,0.36,0.25,0.25,0.43,0.5,0.67,0.6,0,0.75,0.8,1,1
266,"Remote","word","household",0,0,0,0,0,0,0,0,0,0,0,0,0,0,0
267,"Saa","word","household",0,0,0.09,0.18,0,0.38,0.14,0.75,0.5,0.4,0,0.75,0.8,1,1
268,"Sabuni","word","household",0,0.14,0.36,0.55,0.42,0.5,0.71,0.75,0.83,0.8,0.5,1,0.8,1,1
269,"Sahani","word","household",0,0,0.09,0.36,0.08,0.5,0.14,0.75,0.67,0.8,0.5,0.5,1,1,1
270,"Sanduku","word","household",0,0,0,0.27,0.08,0.25,0.14,0.25,0.33,0.4,0.5,0.5,0.2,1,1
271,"Simu","word","household",0,0,0,0,0,0,0.29,0.25,0,0.2,0,0.75,0,1,1
272,"Sinia","word","household",0,0,0,0,0,0,0,0,0,0.2,0,0.5,0,0,0
273,"Taa","word","household",0.5,0.43,0.36,0.55,0.42,0.75,0.71,1,1,1,0.5,1,0.8,1,1
274,"Taa ya karabai","word","household",0,0,0,0,0,0,0,0,0,0,0,0,0,0,0
275,"Taa ya mukopo","word","household",0,0,0,0.09,0,0.12,0.14,0.25,0,0.4,0.5,0.25,0,0,0
276,"Tauli","word","household",0,0,0,0.09,0,0,0,0.25,0,0,0,0.5,0.2,0,0
277,"Thupa","word","household",0,0.29,0.18,0.36,0.25,0.75,0.71,0.75,0.5,0.8,0.5,1,0.6,1,1
278,"Uchafu/Taka taka","word","household",0.5,0.14,0.18,0.27,0.5,0.5,0.57,1,0.83,0.6,0.5,1,0.8,1,1
279,"Ukuta","word","household",0,0,0,0,0,0.12,0,0,0,0,0,0.5,0,0,0
280,"Uma","word","household",0,0,0,0,0,0.12,0,0,0,0,0,0.5,0,0,0
281,"Bafu/ Uwani","word","furniture_rooms",0,0,0,0,0,0.25,0.14,0.5,0.17,0.4,0,0,0.4,0,0
282,"Baraza","word","furniture_rooms",0,0,0,0,0,0.12,0.14,0.25,0.33,0.2,0,0.5,0,0,1
283,"Bomani","word","furniture_rooms",0,0,0,0,0,0,0.14,0,0.67,0,0,0.5,0.4,1,1
284,"Chooni","word","furniture_rooms",0,0,0,0.09,0.33,0.38,0.14,0.75,0.83,0.8,0,1,1,1,1
285,"Chumba","word","furniture_rooms",0,0,0,0,0,0.12,0,0.25,0.17,0,0.5,0.25,0,1,1
286,"Dirisha","word","furniture_rooms",0,0,0,0,0,0.12,0.29,0.25,0.17,0.4,0,0.75,0.4,1,1
287,"Furiji","word","furniture_rooms",0,0,0,0,0,0,0,0,0,0,0,0,0,0,0
288,"Gogo/ Kumbi","word","furniture_rooms",0,0.14,0.09,0.27,0.08,0.38,0.29,0.75,0.83,0.6,0.5,0.75,0.6,1,1
289,"Jiko","word","furniture_rooms",0,0,0,0.09,0,0.25,0.14,0.75,0,0.2,0,0.5,0,0,1
290,"Jikoni","word","furniture_rooms",0,0.14,0,0,0.08,0.38,0.29,0.5,0.17,0.6,0.5,1,0.8,1,1
291,"Kabati","word","furniture_rooms",0,0,0,0,0,0.25,0,0.25,0,0.2,0,0.5,0.4,0,1
292,"Kihi/ Kibao","word","furniture_rooms",0,0.29,0.18,0.55,0.33,0.62,0.71,1,1,0.8,1,1,1,1,1
293,"Kitanda","word","furniture_rooms",0.25,0,0.18,0.36,0.25,0.62,0.57,1,0.83,0.8,0.5,1,1,1,1
294,"Kochi","word","furniture_rooms",0,0,0,0,0,0,0,0,0.17,0.2,0,0.5,0,0,0
295,"Meza","word","furniture_rooms",0,0,0,0.18,0.08,0.38,0.43,1,0.5,0.6,0.5,1,0.6,1,1
296,"Muryango","word","furniture_rooms",0,0,0.09,0.18,0.17,0.38,0.57,1,0.83,0.6,0,1,1,1,1
297,"Poti","word","furniture_rooms",0,0,0,0,0,0,0,0.25,0,0,0,0.25,0,0,0
298,"Sakafu/Simiti","word","furniture_rooms",0,0,0,0,0,0.25,0,0,0,0,0,0.5,0,0,1
299,"Sofa","word","furniture_rooms",0,0,0,0,0,0,0,0,0,0,0,0.25,0,0,0
300,"Stuli","word","furniture_rooms",0,0,0,0,0.08,0.12,0.29,0.5,0,0.4,0,0.75,0.4,0,1
301,"TV/ Televisheni","word","furniture_rooms",0,0,0,0,0,0,0,0,0,0,0,0.5,0,0,0
302,"Barabara","word","outside",0,0,0,0.09,0.08,0.25,0.57,0.5,0.5,0.6,0.5,0.75,0.8,1,1
303,"Dzuwa","word","outside",0,0,0,0.09,0.08,0.38,0.43,0.75,0.5,0.6,0.5,0.75,0.4,1,1
304,"Iwe","word","outside",0,0.14,0.18,0.09,0.08,0.38,0.43,0.75,0.83,0.8,0.5,0.75,0.8,1,1
305,"Jembe","word","outside",0.5,0.29,0.09,0.55,0.42,0.5,0.71,1,1,1,0.5,1,1,1,1
306,"Kigongo","word","outside",0.25,0.14,0.18,0.55,0.33,0.62,0.71,0.75,1,1,1,1,1,1,1
307,"Lupeho","word","outside",0,0,0,0.09,0,0.12,0,0,0,0.2,0.5,0.5,0,0,1
308,"Luwa","word","outside",0,0.14,0.09,0.36,0.25,0.38,0.43,0.5,0.67,0.6,0.5,0.75,0.8,1,1
309,"Madzi","word","outside",0.25,0.57,0.45,0.64,0.75,0.88,0.57,1,1,1,1,1,0.8,1,1
310,"Maingu","word","outside",0,0,0,0,0,0.25,0,0,0.33,0,0,0.5,0,0,0
311,"Mtsanga","word","outside",0.25,0.14,0.27,0.45,0.58,0.75,0.57,1,0.83,0.8,1,1,1,1,1
312,"Mufereji/Paipu","word","outside",0,0,0,0,0.08,0.12,0.29,0.25,0.5,0.2,0.5,0.5,0.4,1,0
313,"Muhi","word","outside",0,0,0,0.18,0.08,0.25,0.29,0.75,0.67,0.8,0,1,0.4,1,1
314,"Mulunguni","word","outside",0,0,0,0,0,0.12,0,0.5,0.33,0,0.5,0.5,0,1,1
315,"Mupira wa madzi","word","outside",0,0,0,0,0,0,0,0,0,0,0,0.25,0,0,0
316,"Muteza","word","outside",0,0,0.09,0.18,0.08,0.12,0.29,0.5,0.5,0.6,0.5,0.5,0.2,1,1
317,"Mvula","word","outside",0,0.14,0,0,0.08,0.5,0.57,1,0.67,0.8,0.5,0.75,1,1,1
318,"Mwezi","word","outside",0,0,0,0.18,0,0.25,0.29,1,0.67,0.2,0.5,1,0.4,1,1
319,"Mwiko","word","outside",0,0,0,0,0.08,0.12,0.57,0.5,0.67,0.4,0.5,0.75,0.4,1,1
320,"Ndoo","word","outside",0,0,0.09,0.18,0,0.38,0.57,0.5,0.33,0.4,0.5,0.75,0.2,1,1
321,"Ngazi","word","outside",0,0,0,0,0,0,0,0.25,0.17,0,0.5,0.5,0,1,1
322,"Ngira","word","outside",0,0.14,0,0.09,0.08,0.38,0.29,0.5,0.5,0.6,0.5,0.5,0.6,1,1
323,"Nyasi","word","outside",0,0.14,0,0.18,0,0.38,0.43,0.75,0.67,0.8,0,0.75,0.4,1,1
324,"Nyenyezi","word","outside",0,0.14,0,0.09,0,0,0.14,0.5,0.17,0.2,0,0.5,0,1,1
325,"Panga","word","outside",0,0,0.18,0.36,0.08,0.75,0.57,1,0.83,1,0,0.5,0.8,0,1
326,"Shimo","word","outside",0,0,0,0.09,0.08,0.38,0.29,0.25,0.33,0.6,0.5,0.75,0.4,1,1
327,"Vizhuma","word","outside",0,0,0,0,0,0.38,0.29,0.25,0.17,0,0,0.5,0.4,0,1
328,"Bahari/Pwani","word","places",0,0,0,0,0,0,0,0.25,0.17,0,0,0.75,0,0,0
329,"Barazani","word","places",0,0,0,0,0,0.12,0,0.25,0.17,0.2,0.5,0.5,0,1,1
330,"Duka","word","places",0,0.29,0.18,0.36,0.25,0.62,0.43,0.75,0.67,0.6,0,1,0.8,1,1
331,"Hathi/ Pati/Harusi","word","places",0,0,0,0,0,0,0.14,0,0.17,0,0,0.5,0,0,0
332,"Kanisa/ Mushikiti*","word","places",0,0,0.09,0.09,0.17,0.38,0.14,0.75,0.33,0.4,0.5,1,0.8,1,1
333,"Kazini/ Shughulini","word","places",0,0,0,0,0.08,0,0.43,0,0,0.2,0,0.75,0,1,1
334,"Kituo cha mafuha/Petroli","word","places",0,0,0,0,0,0,0.14,0,0,0,0.5,0,0,0,0
335,"Madirasa/Chuwoni","word","places",0,0,0,0,0,0,0,0,0,0,0,0,0,0,0
336,"Mudzini/ Nyumbani","word","places",0,0.29,0.09,0.09,0.17,0.62,0.43,0.75,0.67,0.8,0.5,1,1,1,1
337,"Mundani","word","places",0,0,0,0.09,0,0.38,0.43,0.5,0.5,0.6,0.5,1,0.6,1,1
338,"Nyumba","word","places",0,0.14,0.09,0.27,0.08,0.38,0.57,0.5,0.83,0.6,0,1,1,1,1
339,"Sikuli","word","places",0,0,0.09,0.09,0.08,0.5,0.43,0.75,0.5,0.6,0.5,0.75,0.6,1,1
340,"Sinema","word","places",0,0,0,0,0,0,0.14,0,0,0,0,0.5,0,1,1
341,"Sipitali","word","places",0,0,0,0.09,0,0.12,0,0.5,0.33,0.6,0.5,0.75,0.2,1,1
342,"Sokoni","word","places",0,0,0,0,0,0,0.29,0,0,0,0,0.5,0,0,1
343,"Tsakani/ Vuwe","word","places",0,0.14,0,0,0,0.25,0.14,1,0.33,0.2,0.5,0.5,0.4,1,1
344,"Uwanjani","word","places",0,0,0,0,0,0.12,0,0.5,0.17,0,0,0.5,0.4,0,1
345,"Ahu/ Jomba/ Uncle","word","people",0,0.29,0.09,0.18,0.17,0.88,0.43,0.25,0.5,0.2,0.5,1,0.8,0,1
346,"Baba","word","people",1,1,0.73,0.91,1,1,1,1,1,1,1,1,1,1,1
347,"Bamuhoho","word","people",0,0.14,0,0.09,0.17,0.25,0.14,0,0.33,0.2,0.5,0.75,0.4,1,1
348,"Bamuzhere","word","people",0,0,0,0,0,0.25,0.14,0,0.5,0.4,0.5,0.5,0.4,1,1
349,"Dakitari","word","people",0,0,0,0,0,0.12,0,0,0.17,0,0,0.75,0.4,1,0
350,"Dzina ra kuro/ paka","word","people",0,0,0.18,0,0.08,0.38,0.29,0.5,0.17,0.2,0,0.5,0,0,0
351,"Dzina ra muzhazi/murezi","word","people",0.25,0.29,0,0.27,0.17,0.62,0.57,0.75,0.5,0.4,0,0.75,0.2,1,1
352,"Dzina ra ye mwana mwenye","word","people",0,0.29,0,0.09,0.17,0.5,0.57,0.5,0.5,0.6,0,1,0.2,1,1
353,"Fundi","word","people",0,0,0,0,0,0,0.14,0,0,0.2,0,0.25,0,0,0
354,"Hawe/ Nyanya","word","people",1,0.86,0.55,0.73,0.67,1,0.86,1,1,1,1,1,1,1,0
355,"Mama","word","people",1,1,0.91,0.82,1,1,1,1,1,1,1,1,1,1,1
356,"Mamuhoho","word","people",0,0,0,0,0.17,0.12,0.14,0,0,0.2,0,0.5,0,1,1
357,"Mamuzhere","word","people",0,0,0,0,0,0.12,0,0,0.33,0.4,0,0.5,0.2,1,1
358,"Muche","word","people",0,0,0,0.09,0,0.12,0.14,0.25,0.17,0,0,0.5,0.2,1,0
359,"Muhoho/ Dede","word","people",0.5,0.43,0.18,0.36,0.33,0.5,0.29,0.5,0.33,1,0.5,1,0.8,1,1
360,"Mujema","word","people",0,0,0,0.09,0,0.25,0,0.25,0.33,0,0,0.5,0,1,1
361,"Mukazi","word","people",0,0,0,0,0,0,0,0,0.33,0,0,0.75,0,0,1
362,"Mukurima","word","people",0,0,0,0,0,0,0,0,0,0,0,0.5,0,0,1
363,"Murisa","word","people",0,0,0,0,0,0,0,0,0.17,0,0,0.5,0,1,1
364,"Musena","word","people",0,0,0,0,0,0.12,0,0,0.33,0.2,0,0.75,0.2,1,1
365,"Musichana","word","people",0,0,0,0,0,0,0,0,0,0,0,0.5,0,1,1
366,"Mutu","word","people",0.5,0.29,0.09,0.55,0.25,0.38,0.71,1,0.83,0.8,0.5,1,1,1,1
367,"Muvulana/ muthana","word","people",0,0,0,0.09,0,0,0,0,0,0,0,0.5,0,0,1
368,"Mwalimu","word","people",0,0,0,0.09,0.08,0.12,0.14,0,0.17,0.4,0,0.5,0.2,1,1
369,"Mwana mutsanga","word","people",0,0,0.09,0,0,0.25,0.14,0,0.17,0.2,0.5,0.75,0,0,1
370,"Nasi","word","people",0,0.14,0,0,0,0,0,0,0,0,0,0,0,0,0
371,"Ndugu","word","people",0,0,0,0,0,0,0,0,0,0.2,0,0.25,0.2,0,0
372,"Polisi","word","people",0,0,0,0,0,0,0.14,0,0,0,0,0.5,0,0,1
373,"Tsangazimi/ Aunt","word","people",0,0.29,0.18,0.09,0.33,0.5,0.29,0.5,0.5,0.2,0.5,1,0.8,1,1
374,"Tsawe/ Babu","word","people",0.75,0.57,0.36,0.55,0.5,0.75,0.57,0.5,0.83,0.6,0.5,1,0.8,1,1
375,"Asante/ mumvera","word","games_routines",0.75,0.43,0.27,0.64,0.83,0.88,0.71,0.75,0.83,0.8,0.5,1,1,1,1
376,"Chakurya cha dziloni","word","games_routines",0,0,0,0,0,0,0,0,0,0,0,0,0,0,1
377,"Chakurya cha mutsana","word","games_routines",0,0,0,0,0,0,0,0,0,0,0,0,0,0,1
378,"Eeeh","word","games_routines",0.5,0.86,0.55,0.82,0.83,0.88,0.71,1,1,1,0.5,1,1,1,1
379,"Haah","word","games_routines",0.25,0.43,0.45,0.45,0.58,0.75,0.71,0.75,1,0.8,0,1,1,1,0
380,"Kamuna utu?","word","games_routines",0,0.14,0,0,0,0.12,0.14,0.25,0.33,0,0,0.25,0,1,1
381,"Karibu","word","games_routines",0,0,0,0,0,0.38,0.43,0.25,0.33,0.4,0,0.75,0.4,1,1
382,"Kibe","word","games_routines",0,0,0.09,0,0.17,0.12,0.57,0.75,0.67,0.8,0,1,0.4,1,1
383,"Kufungula","word","games_routines",0,0,0,0,0,0,0.14,0,0,0,0,0.5,0,0,1
384,"Kuna utu","word","games_routines",0,0.14,0,0,0,0.12,0.14,0,0.17,0.4,0,0.75,0,1,1
385,"Kuoga","word","games_routines",0,0.29,0.18,0.09,0.33,0.5,0.57,0.5,0.83,0.6,0,1,0.8,1,1
386,"Kuoya","word","games_routines",0,0,0,0,0,0.12,0.14,0.25,0.17,0.2,0,0.75,0.2,1,1
387,"Kupiga simu","word","games_routines",0,0,0.09,0.09,0,0,0.29,0,0,0.2,0,0.5,0,0,0
388,"Kwenda chooni","word","games_routines",0,0,0.09,0,0,0.12,0.29,0.5,0.5,0.4,0,0.75,0.2,1,1
389,"Pore","word","games_routines",0.25,0,0.09,0.18,0,0.5,0.43,0.75,1,0.8,1,0.75,0.6,1,1
390,"Senzi","word","games_routines",0.5,0.43,0.36,0.55,0.58,1,0.86,1,1,1,0.5,1,1,1,1
391,"Shh","word","games_routines",0.25,0.29,0.27,0.45,0.25,0.75,0.29,0.5,0.5,0.6,0,0.5,0.4,1,1
392,"Tafadhali","word","games_routines",0,0,0,0,0,0,0,0,0,0,0,0,0,0,1
393,"Udzasindaze?","word","games_routines",0,0,0,0,0,0.25,0.14,0.5,0.33,0.2,0,1,0,1,1
394,"Ukaleto/Bye","word","games_routines",0.75,0.43,0.55,0.45,0.5,0.88,0.57,0.5,0.5,0.4,0.5,1,1,1,1
395,"Ukuti","word","games_routines",0,0,0.09,0.09,0,0.38,0.29,0.25,0.33,0.2,0,0.5,0.2,1,1
396,"Ulazeto","word","games_routines",0,0,0,0,0,0.25,0.29,0,0,0,0,0.5,0.2,1,1
397,"Unacho","word","games_routines",0,0,0,0,0,0.25,0,0,0,0.2,0,0.5,0,0,1
398,"Vikara?","word","games_routines",0,0,0,0,0,0,0.29,0,0,0,0,0.25,0,0,1
399,"Agwa","word","games_routines",0,0.43,0.09,0.27,0.25,0.38,0.43,0.75,0.67,0.8,0,0.75,0.4,1,1
400,"Anika","word","action_words",0,0,0,0,0.08,0.38,0.14,0.25,0.33,0,0,0.5,0,1,1
401,"Anwa","word","action_words",0.25,0.43,0.27,0.45,0.42,0.62,0.57,1,1,0.8,1,1,0.6,1,1
402,"Arya","word","action_words",0.5,0.43,0.36,0.55,0.42,0.62,0.43,1,1,0.8,1,1,0.8,1,1
403,"Banda/Vunza","word","action_words",0,0,0.09,0.09,0.08,0.25,0.29,0.75,0.33,0.8,0.5,0.75,0.2,0,1
404,"Bisha/ Hodi","word","action_words",0,0.14,0.09,0,0,0.12,0.57,0.25,0.33,0.4,0,1,0.4,1,1
405,"Busa","word","action_words",0,0.14,0.09,0.09,0.08,0.62,0.14,1,0.5,0.6,0.5,0.75,0.6,1,1
406,"Busu/ Shumu","word","action_words",0,0.14,0.18,0.09,0.08,0.25,0.14,0.25,0.17,0.4,0,0.75,0.2,1,0
407,"Bwaga","word","action_words",0,0.29,0.09,0.27,0.25,0.62,0.43,0.5,0.67,0.8,0,1,0.6,1,0
408,"Chimbira","word","action_words",0,0,0.09,0.09,0.25,0.38,0.43,1,0.5,0.4,0.5,0.5,0.4,0,1
409,"Chimbiza","word","action_words",0,0,0,0,0,0,0.14,0,0,0.2,0,0.5,0,0,1
410,"Chora","word","action_words",0,0,0,0,0,0.25,0.29,0.25,0.17,0.6,0,0.5,0.4,0,1
411,"Dima","word","action_words",0,0,0,0,0.08,0.38,0,0.25,0.33,0.6,0.5,0.75,0.4,1,1
412,"Dzala","word","action_words",0,0,0,0,0,0.12,0.29,0.5,0.5,0.6,0.5,0.75,0.4,1,1
413,"Fikiria","word","action_words",0,0,0,0,0,0,0,0,0.17,0,0,0.25,0,0,1
414,"Fitsa","word","action_words",0,0,0.09,0,0,0.25,0.29,0.75,0.5,0.6,0,0.5,0.2,1,1
415,"Funga","word","action_words",0,0,0.09,0,0.08,0.25,0.43,0.25,0.17,0.8,0,0.75,0.4,0,1
416,"Funika","word","action_words",0,0,0.09,0,0,0,0.14,0.25,0.17,0.2,0,0.5,0.2,0,1
417,"Futa/Hangusa","word","action_words",0,0,0.09,0.18,0.25,0.62,0.29,0.75,0.83,0.8,0,1,0.8,1,1
418,"Gandamira","word","action_words",0,0,0,0,0,0,0.14,0,0,0,0,0,0,0,0
419,"Gazhirana","word","action_words",0,0,0,0,0,0,0,0,0,0.2,0,0.5,0,1,1
420,"Gesa","word","action_words",0,0,0.09,0,0.08,0.5,0.43,0.25,0.5,0.6,0,1,0.4,1,1
421,"Gita","word","action_words",0,0,0.09,0,0.17,0.38,0.29,0.5,0.5,0.6,0.5,1,0.8,1,1
422,"Gonga/ Dunda","word","action_words",0,0,0.18,0.09,0.17,0.38,0.29,0.5,0.17,0.4,0,1,0.8,1,1
423,"Gula","word","action_words",0,0,0,0,0.08,0.38,0.29,0.25,0.5,0.4,0.5,1,0.8,1,1
424,"Guta","word","action_words",0,0,0.09,0.09,0.08,0.5,0.29,0.75,0.5,0.2,0,1,0.6,1,1
425,"Gwira/Ganda","word","action_words",0,0,0.09,0,0,0.62,0.43,0.5,0.83,0.4,0.5,1,0.6,1,1
426,"Hala","word","action_words",0,0,0.18,0.27,0.25,0.5,0.57,0.75,1,0.8,0.5,1,0.6,1,1
427,"Henda","word","action_words",0,0,0.09,0,0,0.12,0.14,0.25,0,0.2,0,0.5,0,1,1
428,"Henda kazi","word","action_words",0,0,0,0,0,0,0,0,0,0,0,0.25,0,0,1
429,"Henda mwii/Tseka","word","action_words",0,0,0.09,0,0.08,0.38,0.29,0.5,0.33,0.4,0,0.75,0.8,1,1
430,"Henza","word","action_words",0,0,0,0,0,0.38,0.14,0.25,0.17,0.4,0,0.5,0.2,1,1
431,"Hereza","word","action_words",0,0,0,0,0,0.38,0.14,0.25,0.17,0.2,0,0.5,0.2,1,1
432,"Hirika","word","action_words",0,0,0.09,0,0.08,0.38,0.29,0.75,0.5,0.8,0,0.75,0.2,1,1
433,"Hokera","word","action_words",0,0,0,0,0,0.25,0.29,0,0.33,0.4,0,0.5,0.2,1,1
434,"Huruka","word","action_words",0,0,0,0,0.08,0.38,0.29,0.5,0.5,0.4,0,0.5,0.4,1,1
435,"Iga","word","action_words",0,0,0,0,0,0.12,0.14,0.25,0,0.4,0,0.5,0,0,1
436,"Ika","word","action_words",0,0.14,0,0,0.17,0.5,0.29,0.25,0.5,0.6,0,0.75,0.6,0,1
437,"Ima","word","action_words",0,0,0.18,0,0,0.5,0.43,0.25,0.17,0.4,0,0.75,0.6,0,1
438,"Imba","word","action_words",0,0,0.09,0,0.08,0.38,0.29,0.5,0.5,0.2,0.5,1,0.4,0,1
439,"Jenga","word","action_words",0,0,0.09,0,0,0.25,0.29,0.25,0.33,0.6,0,1,0.4,0,1
440,"Jeza/ Jaribu","word","action_words",0,0,0,0,0,0.12,0.43,0.25,0.17,0.2,0,0.75,0,0,1
441,"Kala","word","action_words",0,0,0.09,0,0.08,0.12,0.14,0.25,0.17,0.2,0,0.75,0.2,0,1
442,"Kata","word","action_words",0,0,0,0,0.08,0.25,0.29,0,0.33,0.4,0,0.75,0.4,0,0
443,"Kaza","word","action_words",0,0,0,0,0.08,0.38,0,0,0,0.2,0.5,0.5,0.4,0,0
444,"Kelesi","word","action_words",0.25,0,0.18,0.27,0.42,0.75,0.57,0.5,0.5,0.4,0.5,0.75,0.8,0,1
445,"Kuha/ shiba","word","action_words",0,0,0,0.09,0.25,0.62,0.71,0.75,0.33,0.8,0,1,0.4,0,1
446,"Kunukira","word","action_words",0,0,0,0,0.08,0.12,0.14,0.25,0.17,0.2,0,0.25,0.4,0,1
447,"Kwenda","word","action_words",0,0,0,0,0,0.25,0.29,0.5,0,0.2,0,0.75,0.2,0,1
448,"Kwera/ Panda","word","action_words",0,0,0.18,0.18,0.08,0.38,0.71,0.75,0.33,0.6,0,0.75,0.4,0,1
449,"Lala","word","action_words",0.25,0.43,0.27,0.27,0.5,1,0.71,0.75,0.5,0.6,0,1,0.6,0,1
450,"Lamba","word","action_words",0,0,0,0,0,0.38,0.29,0.5,0.33,0.6,0,0.5,0.2,0,1
451,"Lamuka","word","action_words",0,0,0,0.09,0.08,0.5,0.43,0.5,0.33,0.4,0,1,0.4,0,1
452,"Lamusa","word","action_words",0,0,0,0,0,0.12,0,0,0,0.4,0,0.75,0.2,0,1
453,"Lazha","word","action_words",0,0,0.18,0.09,0.08,0.38,0.29,0.75,0.17,0.6,0,0.5,0.2,1,1
454,"Loha","word","action_words",0,0,0,0.09,0,0.25,0,0.25,0.17,0.2,0,0,0.2,1,0
455,"Lola","word","action_words",0,0,0.18,0.36,0.33,0.88,0.57,0.75,0.83,0.8,0,1,0.6,1,1
456,"Lorera/Tsunza","word","action_words",0,0,0,0,0,0,0,0,0.17,0.2,0,0.5,0,1,1
457,"Luma","word","action_words",0,0.29,0.09,0.36,0.17,0.75,0.43,0.5,1,0.8,0.5,1,0.8,1,1
458,"Lumira","word","action_words",0,0,0,0.18,0.08,0.62,0,0.5,0.5,0.8,0.5,1,0.4,1,1
459,"Mala","word","action_words",0,0,0.09,0.09,0,0.5,0.14,0.75,0.67,0.6,0.5,0.75,0.4,1,0
460,"Marigiza","word","action_words",0,0,0,0.09,0.08,0.25,0,0.25,0.67,0.4,0,1,0.2,1,1
461,"Mwaga","word","action_words",0,0,0.18,0.09,0.08,0.75,0.29,0.5,0.83,0.4,0,1,0.8,1,1
462,"Mwagika","word","action_words",0,0,0.09,0.09,0.17,0.38,0,0.5,0.17,0.4,0,1,0,0,1
463,"Ndika","word","action_words",0,0,0.09,0,0.17,0.25,0.14,0.5,0.33,0.4,0,0.75,0.2,0,1
464,"Nena","word","action_words",0,0,0,0,0,0.25,0.29,0.5,0.17,0.4,0,0.75,0.2,1,1
465,"Nena","word","action_words",0,0,0,0,0,0.25,0,0.25,0,0.2,0,0.75,0,0,0
466,"Ni","word","action_words",0,0,0,0,0.17,0.25,0.14,0.5,0.17,0,0,0.5,0.4,0,1
467,"Ning'inira","word","action_words",0,0,0,0,0,0,0,0,0,0,0,0.5,0,0,0
468,"Ojerera","word","action_words",0,0,0,0,0,0,0,0,0,0,0,0.25,0,0,0
469,"Ona","word","action_words",0,0,0,0,0,0.25,0,0.25,0.17,0.2,0,0.5,0.2,1,1
470,"Onyesa","word","action_words",0,0,0,0,0,0.12,0.14,0,0,0.2,0,0.5,0,0,1
471,"Pashula","word","action_words",0,0.14,0,0,0,0.38,0.14,0.25,0.17,0.2,0,0.75,0,0,1
472,"Pata","word","action_words",0,0,0.09,0,0,0.25,0.14,0.25,0.33,0.2,0,0.75,0.2,1,1
473,"Piga makofi","word","action_words",0,0.14,0.18,0.18,0.33,0.75,0.57,0.75,0.5,0.6,0.5,1,0.8,1,1
474,"Piga rangi/ Haka rangi","word","action_words",0.25,0,0,0,0,0,0.14,0,0,0,0,0.25,0,0,1
475,"Piga teke","word","action_words",0,0,0.09,0.09,0.08,0.25,0.29,0.5,0.5,0.4,0,1,0.4,1,1
476,"Reha","word","action_words",0,0,0.09,0.18,0.08,0.62,0.43,0.75,0.83,0.8,0,1,0.6,1,1
477,"Richa","word","action_words",0.25,0.29,0.27,0.45,0.25,0.88,0.57,1,0.83,1,0.5,1,0.6,1,1
478,"Rira","word","action_words",0,0,0.09,0.09,0.17,0.38,0.29,1,0.83,0.6,0,1,0.6,1,1
479,"Risa","word","action_words",0,0,0,0.09,0,0,0.14,0,0.33,0.6,0,0.75,0.2,1,1
480,"Safisha","word","action_words",0,0,0,0,0,0,0,0,0.33,0,0,0.5,0.2,0,1
481,"Saidia/ Viza","word","action_words",0,0,0,0,0,0.12,0,0,0.17,0.2,0,0.5,0.2,0,1
482,"Shera","word","action_words",0,0,0.09,0,0.17,0.38,0.29,0.75,0.67,0.8,0,0.75,0.4,0,1
483,"Shoma/Soma","word","action_words",0,0,0.09,0,0,0.25,0.14,0.75,0.17,0.4,0,0.5,0,1,1
484,"Sikira","word","action_words",0,0,0.09,0,0,0,0,0,0.17,0.2,0,0.5,0,1,1
485,"Sirikiza","word","action_words",0,0,0,0,0,0.25,0.14,0,0.17,0.2,0,0.5,0,1,1
486,"Sukuma","word","action_words",0,0,0,0.09,0.08,0.25,0.29,0.5,0.5,0.6,0,0.75,0.8,1,1
487,"Sumurira","word","action_words",0,0,0,0,0,0,0,0,0.17,0,0,0.5,0,0,1
488,"Tafuta","word","action_words",0,0,0,0,0,0.25,0,0,0,0.2,0,0.5,0,1,1
489,"Tekerenya/ Gweregecha","word","action_words",0,0,0,0.09,0,0.12,0,0.25,0.33,0,0,0.5,0.2,1,1
490,"Tengeza","word","action_words",0,0,0.09,0,0.08,0.25,0,0.25,0,0.4,0,0.75,0,0,1
491,"Teza","word","action_words",0,0,0,0,0,0.12,0.14,0.25,0,0.6,0,0.5,0,1,0
492,"Thariza/Rinda","word","action_words",0,0,0,0,0.08,0.25,0,0.25,0.67,0.4,0,0.5,0.4,1,1
493,"Tharura","word","action_words",0,0,0,0,0,0.38,0.29,0.25,0.17,0.4,0,0.5,0.4,0,1
494,"Thatha","word","action_words",0,0,0.09,0.27,0.33,0.62,0.43,0.5,0.5,0.6,0,0.75,0.2,1,1
495,"Tsagula","word","action_words",0,0,0.18,0,0.08,0.5,0.43,1,0.5,0.8,0,1,0.6,1,1
496,"Tsembera","word","action_words",0,0,0,0,0,0,0,0,0.17,0.2,0,0.5,0,0,1
497,"Tsuha","word","action_words",0.25,0.14,0.27,0.18,0.17,0.75,0.43,0.5,0.5,0.6,0,1,0.6,1,0
498,"Tsukirirwa/ Mena","word","action_words",0,0,0,0,0,0,0.14,0.25,0.33,0,0,0.5,0.2,0,1
499,"Tsukula","word","action_words",0,0,0,0,0.17,0.25,0.43,0.5,0.33,0.4,0,0.75,0,1,1
500,"Tukusa","word","action_words",0,0,0,0,0,0.12,0.14,0.25,0.17,0,0,0.5,0,0,0
501,"Vina","word","action_words",0.25,0,0,0.09,0.25,0.38,0.43,0.75,0.67,0.6,0,1,0.6,1,1
502,"Vugula","word","action_words",0,0,0,0,0.08,0.38,0.29,0.5,0.67,0.4,0,1,0.4,0,1
503,"Vuha","word","action_words",0,0,0,0,0,0.62,0.29,0.75,0.5,0.6,0,1,0.2,1,1
504,"Vunzika","word","action_words",0,0,0,0,0,0.12,0.14,0.25,0.17,0.2,0,0.5,0,0,0
505,"Zaziga","word","action_words",0,0.14,0,0.18,0.17,0.5,0.29,0.75,0.33,0.8,0,1,0.6,1,1
506,"Bomu","word","descriptive_words (adjectives)",0,0,0,0.18,0.25,0.25,0.43,0.75,0.5,0.4,0,1,0.6,0,1
507,"Buluu","word","descriptive_words (adjectives)",0,0,0,0,0,0,0,0,0,0,0,0,0,0,1
508,"Chache/ Kidogo","word","descriptive_words (adjectives)",0,0,0,0,0,0.12,0.29,0.5,0.33,0.6,0,1,0.4,0,1
509,"Chafu","word","descriptive_words (adjectives)",0.25,0.14,0.18,0.45,0.33,0.5,0.29,1,0.67,0.4,0.5,1,0.6,1,1
510,"Dzasira/ Goma","word","descriptive_words (adjectives)",0,0.29,0.27,0,0.33,0.25,0.43,0.75,0.33,0.8,0,1,0.6,1,1
511,"Furufu/ Kavu/ uma","word","descriptive_words (adjectives)",0,0,0.09,0,0,0.38,0.14,0.25,0.17,0.4,0,1,0.2,1,1
512,"Idziyovunzika/ Bandika","word","descriptive_words (adjectives)",0,0,0.09,0,0,0.25,0.14,0,0.33,0.6,0,0.75,0.6,0,1
513,"Kaheri","word","descriptive_words (adjectives)",0,0,0.09,0.09,0.08,0.38,0.29,0.5,0.67,0.4,0,0.75,0.2,1,1
514,"kali","word","descriptive_words (adjectives)",0,0,0,0,0,0.12,0,0,0.17,0.2,0,0.5,0,0,1
515,"Kara kara","word","descriptive_words (adjectives)",0,0,0,0,0,0.12,0,0,0,0.2,0,0.5,0,0,1
516,"Kihu","word","descriptive_words (adjectives)",0,0,0,0.18,0.17,0.5,0.43,0.5,0.5,0.4,0.5,0.75,0.6,1,1
517,"Kiza","word","descriptive_words (adjectives)",0,0,0,0,0.08,0.25,0.14,0.25,0.33,0.4,0,0.75,0.2,0,1
518,"Komu","word","descriptive_words (adjectives)",0,0,0,0,0,0,0.14,0,0,0.2,0,0.5,0,0,1
519,"Kongo","word","descriptive_words (adjectives)",0,0,0,0,0,0,0,0.25,0.33,0,0,1,0.2,1,1
520,"Kongo","word","descriptive_words (adjectives)",0,0,0,0,0,0,0,0,0.17,0,0,0.5,0,0,1
521,"Kuka","word","descriptive_words (adjectives)",0,0,0,0,0.08,0,0,0,0.17,0.2,0,0.25,0.4,1,0
522,"Kululu/ Lonzo","word","descriptive_words (adjectives)",0,0,0,0,0.08,0.38,0.43,0.5,0.5,0.2,0,0.75,0.4,1,1
523,"Kwanza","word","descriptive_words (adjectives)",0,0,0,0,0,0.12,0.14,0.25,0.33,0,0,0.75,0,1,1
524,"Laini","word","descriptive_words (adjectives)",0,0,0,0,0,0,0,0,0.17,0,0,0.5,0,0,1
525,"Lumira","word","descriptive_words (adjectives)",0,0.14,0.09,0.09,0.08,0.5,0.29,0.5,0.33,0.4,0,1,0.4,1,1
526,"Lupeho","word","descriptive_words (adjectives)",0,0,0,0,0,0,0,0,0.17,0,0,0.5,0,0,1
527,"Lwama","word","descriptive_words (adjectives)",0,0,0,0.09,0,0.25,0.29,0.5,0.33,0,0,0.75,0.2,1,1
528,"Malo","word","descriptive_words (adjectives)",0.25,0,0.09,0.27,0.17,0.5,0.57,1,1,0.6,0,1,0.6,1,1
529,"Matso","word","descriptive_words (adjectives)",0,0,0.09,0,0.08,0.38,0.29,0.75,0.83,0.4,0,0.75,0.4,1,1
530,"Mbidzo","word","descriptive_words (adjectives)",0,0,0.09,0,0.08,0.38,0.29,0.75,0.5,0.4,0,0.75,0.4,1,1
531,"Mbii","word","descriptive_words (adjectives)",0,0,0,0,0,0.25,0.14,0.25,0.17,0,0,0.5,0,0,1
532,"Mbisha","word","descriptive_words (adjectives)",0,0,0,0,0,0.12,0.29,0.5,0,0.4,0,0.5,0.2,0,1
533,"Moho","word","descriptive_words (adjectives)",0.25,0.14,0.18,0.64,0.42,0.75,0.71,1,1,0.8,1,1,0.8,1,1
534,"Mu/Urembo","word","descriptive_words (adjectives)",0,0,0.09,0,0,0,0,0,0,0,0,0.5,0,0,1
535,"Mure/Nyire","word","descriptive_words (adjectives)",0,0,0,0,0,0.25,0,0,0,0.2,0,0.5,0.2,0,1
536,"Mwisho/ Dumu","word","descriptive_words (adjectives)",0,0,0,0,0,0,0,0,0,0.2,0,0.5,0,0,1
537,"Nyamala","word","descriptive_words (adjectives)",0.25,0,0.09,0.18,0.17,0.25,0.43,0.75,0.67,0.6,0.5,1,0.6,1,1
538,"Nyaruhe","word","descriptive_words (adjectives)",0,0,0,0,0,0.12,0,0,0,0.2,0,0.5,0,0,1
539,"Nyiru","word","descriptive_words (adjectives)",0,0,0,0,0,0.12,0,0,0,0,0,0.5,0,0,1
540,"Nzala","word","descriptive_words (adjectives)",0,0,0.09,0.09,0.08,0.5,0.71,0.75,0.33,0.8,0.5,0.75,0.6,1,1
541,"Nziho/ Memerea","word","descriptive_words (adjectives)",0,0,0,0,0,0.12,0,0,0.17,0,0,0.5,0,0,1
542,"Ogoha","word","descriptive_words (adjectives)",0,0,0,0,0,0,0,0,0,0,0,0.5,0,0,1
543,"Peho","word","descriptive_words (adjectives)",0,0,0,0,0,0.12,0.14,0.5,0.17,0.2,0,0.75,0.2,0,1
544,"Porepore","word","descriptive_words (adjectives)",0,0,0.09,0,0.08,0.25,0.29,0.75,0.33,0.4,0,0.75,0.6,0,1
545,"Raha","word","descriptive_words (adjectives)",0,0,0,0,0,0.12,0.14,0.25,0.17,0.2,0,0.25,0.2,0,1
546,"Rangi ya nyasi","word","descriptive_words (adjectives)",0,0,0,0,0,0,0,0,0,0,0,0.25,0,0,1
547,"Safi","word","descriptive_words (adjectives)",0,0,0,0,0,0,0.29,0,0.17,0.2,0,0.5,0.2,0,1
548,"Sauti ya dzulu","word","descriptive_words (adjectives)",0,0,0,0,0,0,0,0,0,0,0,0.25,0,0,1
549,"Tele/ Dzala","word","descriptive_words (adjectives)",0,0,0.09,0,0,0.12,0.29,0.25,0.17,0.4,0,0.5,0,1,1
550,"Thithe","word","descriptive_words (adjectives)",0,0,0,0,0,0.12,0.29,0.75,0.33,0.2,0.5,0.5,0.4,0,1
551,"Thumia","word","descriptive_words (adjectives)",0,0,0,0,0,0,0,0.25,0,0,0,0.5,0,0,1
552,"Thune","word","descriptive_words (adjectives)",0,0,0,0,0,0.12,0.14,0,0,0,0,0.5,0,0,1
553,"Tsoka","word","descriptive_words (adjectives)",0,0,0,0,0,0.25,0.29,0.25,0.5,0.2,0,0.5,0.6,1,1
554,"Tsukirwa","word","descriptive_words (adjectives)",0,0,0,0,0,0,0,0,0,0.2,0,0.5,0,0,1
555,"Tuhu","word","descriptive_words (adjectives)",0,0,0,0,0,0.12,0.14,0.25,0,0.2,0,0.5,0,1,1
556,"Utsingizini","word","descriptive_words (adjectives)",0,0,0.09,0,0.08,0.12,0.14,0.5,0.17,0.2,0,0.5,0.4,0,1
557,"Baadaye","word","time_words",0,0,0,0,0,0,0,0,0,0,0,0.5,0,1,1
558,"Dzana","word","time_words",0,0,0,0,0,0.12,0.14,0.25,0.17,0.2,0,0.5,0.2,1,1
559,"Dziloni","word","time_words",0,0,0,0,0,0.12,0,0.25,0.17,0,0,0.5,0,1,1
560,"Machero","word","time_words",0,0,0.09,0,0,0,0,0,0.17,0.2,0,0.75,0.2,0,1
561,"Madzacha","word","time_words",0,0,0,0,0,0.12,0,0.25,0,0,0,0.5,0.4,0,1
562,"Mutsana","word","time_words",0,0,0,0,0,0,0,0,0.17,0.2,0,0.5,0,1,1
563,"Rero","word","time_words",0,0,0,0,0.08,0,0,0,0,0,0,0.5,0,0,1
564,"Siku","word","time_words",0,0,0,0,0,0,0,0,0,0,0,0.5,0,0,0
565,"Siku nzima","word","time_words",0,0,0,0,0,0,0,0,0,0,0,0.25,0,0,0
566,"Usiku","word","time_words",0,0,0,0,0,0,0.14,0,0,0.2,0,0.75,0,0,1
567,"Vikara/Sasa","word","time_words",0,0,0,0,0,0.12,0,0,0.17,0,0,0.5,0.2,0,1
568,"Yuyu","word","pronouns",0,0,0.09,0.18,0.25,0.25,0.57,0.75,0.5,0.6,0,1,0.2,1,1
569,"Yuyahu","word","pronouns",0,0,0,0,0.08,0.38,0.29,0.5,0.17,0.2,0,0.75,0.2,1,1
570,"Iye","word","pronouns",0,0,0,0,0,0.25,0.29,0.75,0.17,0.4,0,0.75,0.2,1,1
571,"Mungine","word","pronouns",0,0,0,0,0,0.12,0.14,0,0.17,0.4,0,0.5,0,1,1
572,"mwenye","word","pronouns",0,0.14,0,0,0.08,0.25,0.14,0.5,0.17,0.2,0,0.5,0,1,1
573,"Wangu","word","pronouns",0,0.14,0.18,0.09,0.17,0.5,0.43,0.75,0.67,0.6,0,0.75,0.8,1,1
574,"Wako","word","pronouns",0,0,0,0.09,0.08,0.25,0.29,0.25,0.83,0.4,0,0.75,0.6,1,1
575,"Wakwe","word","pronouns",0,0,0,0,0,0.12,0.14,0.25,0.33,0.2,0,0.5,0.4,0,1
576,"Wehu","word","pronouns",0,0,0,0,0.08,0.25,0.43,0,0.33,0.4,0,0.75,0.2,1,1
577,"Wenu","word","pronouns",0,0,0,0,0,0.12,0.14,0,0.5,0.2,0,0.5,0,0,1
578,"Wao","word","pronouns",0,0,0,0,0,0,0.14,0,0.33,0.2,0,0.5,0.6,0,1
579,"Aa","word","pronouns",0,0,0.36,0.27,0.25,0.38,0.29,0.5,0.17,0.2,0,0.75,0.4,1,1
580,"Aryahu","word","pronouns",0,0,0.09,0.09,0.08,0.25,0.29,0.25,0.33,0.4,0,0.75,0.4,1,1
581,"Ao","word","pronouns",0,0.14,0,0,0,0,0.14,0,0.17,0.4,0,0.5,0,1,1
582," osi","word","pronouns",0,0,0,0,0.08,0,0.14,0,0.33,0,0,0.5,0.2,0,1
583,"angine","word","pronouns",0,0,0.09,0,0,0,0.29,0,0.17,0.2,0,0.5,0,0,1
584,"enye","word","pronouns",0,0,0.18,0,0.08,0.25,0.29,0,0.17,0.4,0,0.5,0,1,1
585,"Riri","word","pronouns",0,0,0.09,0,0.08,0.12,0.43,0,0.5,0.4,0,0.5,0.2,1,1
586,"Riryahu","word","pronouns",0,0,0,0,0.08,0.12,0.14,0,0.33,0.4,0,0.5,0,0,1
587,"Riro","word","pronouns",0,0,0,0,0.08,0,0.14,0,0.17,0.4,0,0.5,0,0,1
588,"Rosi","word","pronouns",0,0,0,0,0,0,0.14,0,0.5,0.2,0,0.5,0,0,1
589,"Ringine","word","pronouns",0,0,0,0,0,0,0.29,0,0.17,0.4,0,0.75,0,1,1
590,"Renye","word","pronouns",0,0,0,0,0,0.12,0.14,0,0.17,0.2,0,0.5,0,0,1
591,"Rangu","word","pronouns",0,0,0,0.09,0.08,0.25,0.57,0.5,0.5,0.6,0,0.75,0.2,1,1
592,"Rako","word","pronouns",0,0,0,0,0,0.12,0.29,0,0.5,0.4,0,0.5,0,1,1
593,"Rakwe","word","pronouns",0,0,0,0,0,0,0.14,0,0.5,0.2,0,0.5,0,1,1
594,"Rehu","word","pronouns",0,0,0,0,0,0,0.14,0,0.33,0.2,0,0.75,0.2,1,1
595,"Renu","word","pronouns",0,0,0,0,0,0.12,0.14,0,0.5,0,0,0.5,0.2,1,1
596,"Rao","word","pronouns",0,0,0,0,0,0,0.14,0,0.33,0,0,0.5,0,0,1
597,"Gaga","word","pronouns",0,0,0.09,0,0,0.25,0.14,0,0.17,0.6,0,0.75,0,1,1
598,"Garyahu","word","pronouns",0,0,0,0,0,0.12,0.14,0,0.17,0,0,0.75,0,0,1
599,"Gago","word","pronouns",0,0,0,0,0,0,0.14,0,0.17,0.2,0,0.5,0,0,1
600,"Gosi","word","pronouns",0,0,0,0,0,0.12,0.29,0,0.33,0.4,0,0.5,0,0,1
601,"Mangine","word","pronouns",0,0,0,0,0,0.12,0.29,0,0.17,0.2,0,0.5,0,0,1
602,"Genye","word","pronouns",0,0,0,0,0,0,0.14,0,0.17,0.4,0,0.5,0,0,1
603,"Kiki  ","word","pronouns",0,0,0.09,0,0.17,0.25,0.43,0.75,0.33,0.6,0,0.5,0.4,1,1
604,"Kiryahu","word","pronouns",0,0,0.09,0,0.08,0.25,0.29,0.25,0.33,0.8,0,0.5,0,1,1
605,"Kicho","word","pronouns",0,0,0,0,0,0.12,0.43,0.25,0.17,0.4,0,0.5,0,0,1
606,"Chosi","word","pronouns",0,0,0,0,0,0.25,0.29,0,0.17,0.4,0,0.5,0,1,1
607,"Kingine","word","pronouns",0,0,0.09,0,0,0,0.29,0,0.33,0.4,0,0.5,0.4,1,1
608,"Changu","word","pronouns",0,0.14,0.18,0.27,0.33,0.38,0.71,1,0.83,0.6,0.5,0.75,0.6,1,1
609,"Chako","word","pronouns",0,0,0.09,0,0,0.25,0.29,0.25,0.67,0,0,0.75,0.2,1,1
610,"Chakwe","word","pronouns",0,0,0,0,0.08,0,0.14,0,0.5,0.2,0,0.75,0,0,1
611,"Chehu","word","pronouns",0,0,0,0,0,0,0.29,0,0.33,0.6,0,0.75,0,1,1
612,"Chenu","word","pronouns",0,0,0,0,0,0,0.14,0,0.5,0,0,0.5,0.2,0,1
613,"Chao","word","pronouns",0,0,0,0,0,0,0.14,0,0.33,0.2,0,0.5,0,0,1
614,"Vivi","word","pronouns",0,0,0.09,0,0,0.25,0.29,0.75,0.17,0.4,0,0.5,0.2,1,1
615,"Viryahu","word","pronouns",0,0,0.09,0,0,0.25,0.29,0.25,0.33,0.4,0,0.25,0.2,1,1
616,"Vivyo","word","pronouns",0,0,0,0,0,0,0.14,0.25,0.33,0.2,0,0.5,0.2,1,1
617,"Vingine","word","pronouns",0,0,0.09,0,0,0.12,0.29,0,0.33,0.4,0,0.25,0.2,0,1
618,"Ii","word","pronouns",0,0,0.18,0.27,0.17,0.25,0.43,0.75,0.5,0.6,0,1,0.2,0,1
619,"Iryahu","word","pronouns",0,0,0.09,0,0,0.12,0.29,0.5,0.33,0.6,0,0.5,0.2,0,1
620,"Iyo","word","pronouns",0,0,0,0,0,0.25,0.29,0,0.5,0.4,0,0.5,0.2,1,1
621,"Yosi","word","pronouns",0,0,0,0,0,0.25,0.29,0.25,0.33,0.4,0,0.5,0.4,1,1
622,"Ingine","word","pronouns",0,0,0.09,0,0,0.12,0.14,0,0.5,0.4,0,0.5,0.2,0,1
623,"yenye","word","pronouns",0,0,0.09,0,0.08,0.25,0.14,0,0.17,0.4,0,0.5,0.2,0,1
624,"Yangu","word","pronouns",0,0.29,0.27,0.18,0.33,0.5,0.43,1,0.5,0.4,0,1,0.4,1,1
625,"Yako","word","pronouns",0,0,0,0,0,0.12,0.29,0.25,0.5,0.4,0,0.75,0.2,0,1
626,"Yakwe","word","pronouns",0,0,0,0,0.08,0,0.14,0.25,0.33,0,0,0.5,0.2,0,1
627,"Yehu","word","pronouns",0,0,0,0,0,0.25,0.29,0.25,0.5,0.4,0,0.5,0.2,1,1
628,"Yenu","word","pronouns",0,0,0,0,0,0,0.14,0.25,0.5,0,0,0.5,0,1,1
629,"Yao","word","pronouns",0,0,0,0,0,0,0.14,0.25,0.33,0.2,0,0.5,0.4,0,1
630,"Zizi","word","pronouns",0,0,0.09,0,0.08,0.12,0.43,0.25,0.5,0.2,0,0.5,0.2,0,1
631,"Ziryahu  ","word","pronouns",0,0,0.09,0,0,0.25,0.14,0,0.33,0.2,0,0.75,0.2,0,1
632,"Zizo","word","pronouns",0,0,0,0,0,0.12,0.29,0.25,0.17,0.2,0,0.5,0,0,1
633,"Zosi","word","pronouns",0,0,0.09,0,0,0.12,0.29,0,0.33,0.4,0,0.5,0.6,0,1
634,"Zenye","word","pronouns",0,0,0,0,0,0.12,0.14,0,0.17,0.4,0,0.5,0,0,1
635,"Zangu","word","pronouns",0,0,0.09,0,0.08,0.12,0.29,0.25,0.5,0.4,0,0.75,0.2,1,1
636,"Zako","word","pronouns",0,0,0,0,0,0,0.29,0.25,0.5,0.4,0,0.5,0,0,1
637,"Zakwe","word","pronouns",0,0,0,0,0,0.12,0.14,0,0.5,0.2,0,0.5,0.2,0,1
638,"Zehu","word","pronouns",0,0,0,0,0,0,0.14,0.25,0.5,0.4,0,0.75,0.2,0,1
639,"Zenu","word","pronouns",0,0,0,0,0,0,0.14,0,0.5,0.2,0,0.5,0.2,0,1
640,"Zao","word","pronouns",0,0,0,0,0,0,0.14,0,0.33,0.4,0,0.5,0.2,0,1
641,"Haha","word","pronouns",0,0,0,0.09,0.17,0.5,0.43,0.75,0.5,0.6,0,0.75,0.4,1,1
642,"Haryahu","word","pronouns",0,0,0.18,0.09,0,0.25,0.29,0.25,0.5,0.4,0,0.5,0.2,0,1
643,"Haho","word","pronouns",0,0,0,0,0,0.25,0.29,0.25,0.33,0.4,0,0.5,0,0,1
644,"Hangine ","word","pronouns",0,0,0,0,0,0,0.29,0,0.5,0.2,0,0.75,0,0,1
645,"Henye","word","pronouns",0,0,0,0,0.08,0,0.29,0.25,0.33,0.2,0,0.5,0,0,1
646,"Kuku","word","pronouns",0,0.29,0,0.27,0.17,0.38,0.43,1,0.67,0.4,0,1,0.8,1,1
647,"Kuryahu","word","pronouns",0,0,0.09,0,0,0.12,0.14,0.25,0.33,0.4,0,0.5,0.4,0,1
648,"Kuko","word","pronouns",0,0,0,0,0,0.12,0.43,0.25,0.5,0.4,0,0.75,0.2,1,1
649,"Kosi","word","pronouns",0,0,0,0,0,0.12,0.14,0,0.17,0,0,0.5,0,0,1
650,"Kungine","word","pronouns",0,0,0,0,0,0,0.14,0,0.17,0,0,0.75,0.2,0,1
651,"Kwangu","word","pronouns",0,0,0,0,0,0.12,0.29,0,0.33,0,0,0.5,0.2,1,1
652,"Kwako","word","pronouns",0,0,0,0,0,0,0.29,0,0.33,0,0,0.5,0,0,1
653,"Kwakwe","word","pronouns",0,0,0,0,0,0,0.14,0,0.33,0,0,0.5,0,0,1
654,"Kwehu","word","pronouns",0,0,0,0,0.17,0.38,0.29,0.25,0.5,0.6,0.5,0.5,0.4,1,1
655,"Kwenu","word","pronouns",0,0,0,0,0,0,0.14,0,0.5,0,0,0.5,0.2,1,1
656,"Kwao","word","pronouns",0,0,0,0,0,0,0.29,0,0.5,0.2,0,0.5,0,1,1
657,"Mimi","word","pronouns",0,0.14,0,0.09,0.25,0.5,0.57,1,0.33,0.6,0,0.5,0.2,1,1
658,"Siswi","word","pronouns",0,0,0,0,0,0.12,0.29,0,0,0,0,0.5,0,1,1
659,"Uwe","word","pronouns",0,0,0,0,0.08,0.25,0.43,0.25,0.17,0.4,0,0.5,0,1,1
660,"Iye","word","pronouns",0,0,0,0,0,0.25,0.29,0.25,0,0.4,0,0.75,0,1,1
661,"Hani","word","question_words",0,0,0,0.27,0.08,0.25,0.29,0.25,0.33,0.6,0,0.75,0.6,1,1
662,"Hiko","word","question_words",0,0,0,0.27,0.17,0.38,0.43,0.5,0.33,0.6,0,1,0.4,1,1
663,"Hiye","word","question_words",0,0,0,0.09,0,0.25,0.29,0.5,0.67,0.6,0,0.75,0.6,1,1
664,"Hiyo","word","question_words",0,0,0,0,0,0,0.29,0.5,0,0.4,0,0.75,0,1,1
665,"Kwanoni","word","question_words",0,0,0,0,0,0,0.29,0,0,0,0,0.5,0,0,1
666,"Ngahi","word","question_words",0,0,0,0,0.08,0,0.29,0,0,0.4,0,0.5,0.4,1,1
667,"Noni","word","question_words",0.25,0,0.09,0.27,0.17,0.25,0.43,0.75,0.67,0.6,0,0.5,0.8,1,1
668,"Rini","word","question_words",0,0,0,0,0,0.12,0.29,0,0,0,0,0.5,0,1,1
669,"Vidze","word","question_words",0,0,0,0,0,0,0.14,0,0,0,0,0.5,0,1,1
670,"Dzulu/Dzulu dzulu","word","prepositions",0,0.14,0.09,0.09,0.17,0.5,0.43,0.5,0.67,0.4,1,1,0.6,1,1
671,"Haha","word","prepositions",0,0.29,0.09,0.18,0.25,0.38,0.57,0.75,0.67,0.6,0,1,0.4,1,1
672,"Haryahu","word","prepositions",0,0,0.09,0.09,0,0.25,0.29,0.25,0.17,0.2,0,0.75,0.2,1,1
673,"Hehi","word","prepositions",0,0,0,0,0.08,0.25,0.14,0,0,0.2,0,0.75,0.2,1,1
674,"Hehi na","word","prepositions",0,0,0,0,0,0,0,0,0,0,0,0.5,0.2,1,1
675,"Henye","word","prepositions",0,0,0,0,0,0.12,0.14,0,0,0,0,0.5,0,0,1
676,"Kanda ","word","prepositions",0,0,0,0,0,0.12,0.14,0,0,0,0,0.5,0.2,1,1
677,"Kanda kanda","word","prepositions",0,0,0,0,0,0,0.14,0,0,0,0,0.5,0,1,1
678,"Konze","word","prepositions",0,0.14,0.18,0.18,0.17,0.5,0.43,1,0.5,0.4,0,1,0.6,1,1
679,"Kure","word","prepositions",0,0,0,0,0,0.25,0.14,0.5,0,0.2,0,0.5,0.4,1,1
680,"kwa","word","prepositions",0,0,0,0,0,0,0.43,0.5,0,0,0,0.5,0,1,1
681,"Ndani","word","prepositions",0,0,0.09,0,0,0.25,0.29,0.25,0.17,0,0,0.75,0.4,1,1
682,"Ndani","word","prepositions",0,0,0,0.09,0,0.25,0.29,0.5,0.33,0,0,1,0.2,1,1
683,"Nyuma","word","prepositions",0,0,0,0,0,0.25,0,0.25,0.17,0.2,0,0.5,0.2,1,1
684,"Tsini","word","prepositions",0,0,0,0,0,0.12,0,0.5,0.17,0,0,0.5,0.2,1,1
685,"Ya","word","prepositions",0,0,0,0,0,0,0.29,0,0.17,0,0,0.5,0,0,1
686,"Bila","word","descriptive_words (adverbs)",0,0,0,0,0,0,0,0,0,0,0,0.25,0,0,1
687,"Ingine","word","descriptive_words (adverbs)",0,0,0.09,0,0,0,0,0.25,0,0,0,0.75,0.2,0,1
688,"Kahana","word","descriptive_words (adverbs)",0,0,0,0,0,0.25,0.29,0.5,0.5,0,0,0.5,0.2,0,1
689,"Kila","word","descriptive_words (adverbs)",0,0,0,0,0,0,0,0.25,0,0,0,0.5,0,0,1
690,"Nyinji","word","descriptive_words (adverbs)",0,0,0,0,0,0.12,0.29,0.5,0,0.2,0,0.5,0.2,0,1
691,"Pia","word","descriptive_words (adverbs)",0,0,0,0,0,0,0,0,0,0,0,0.5,0.2,0,1
692,"Sana/Zhomu","word","descriptive_words (adverbs)",0,0,0,0,0,0.12,0.29,0.5,0.17,0,0,0.5,0.6,1,1
693,"Sawa/ Karakara","word","descriptive_words (adverbs)",0,0,0,0,0,0.12,0,0.25,0,0,0,0.5,0.2,1,1
694,"Sozho/Soyo","word","descriptive_words (adverbs)",0,0,0,0,0,0.25,0.14,0.75,0.33,0,0,0.5,0.4,0,1
695,"Yosi","word","descriptive_words (adverbs)",0,0,0,0,0,0,0.29,0.25,0,0.2,0,0.75,0.4,1,1
696,"Yoyosi","word","descriptive_words (adverbs)",0,0,0,0,0,0,0,0,0,0,0,0.5,0,1,0
697,"Zaidi","word","descriptive_words (adverbs)",0,0,0,0,0,0,0,0,0,0,0,0.5,0,1,0
698,"Alafu","word","connecting_words",0,0,0,0,0,0,0,0,0,0,0,0.75,0,1,0
699,"Ama/ Au","word","connecting_words",0,0,0,0,0.17,0,0,0,0,0,0,0.5,0,1,1
700,"Angalau","word","connecting_words",0,0,0,0,0,0,0,0,0,0,0,0.5,0,1,1
701,"Hamwenga na","word","connecting_words",0,0,0,0,0,0,0,0,0,0,0,0.25,0,1,1
702,"Kwa sababu","word","connecting_words",0,0,0,0,0,0,0,0,0,0,0,0.5,0,0,1
703,"Kwa vizho","word","connecting_words",0,0,0,0,0,0,0,0,0,0,0,0.25,0,0,1
704,"Lakini","word","connecting_words",0,0,0,0,0,0,0.14,0,0.17,0,0,0.5,0,1,1
705,"Na","word","connecting_words",0,0,0,0,0,0,0.14,0,0.17,0,0,0.5,0,0,1
